id,title,category,mood,style,tags,added
26,Plastic B Side,Atmospheric,Nostalgic,Casual,"[""retro"",""90s"",""cassette"",""music""]",1780614000000
27,Moral Switch On,Technical,Analytical,Formal,"[""logic"",""system"",""code"",""ethics""]",1780614100000
28,Data Realities,Hybrid,Analytical,Professional,"[""data"",""cyber"",""virtual""]",1780614200000
29,gaps in our knowledge,Atmospheric,Melancholic,Poetic,"[""memory"",""lost"",""void"",""human""]",1780614300000
30,lonely shadow,Atmospheric,Melancholic,Minimalist,"[""night"",""solitude"",""ambient""]",1780614400000
31,search automated,Technical,Analytical,Formal,"[""bot"",""system"",""automation"",""code""]",1780614500000
32,digital empathy,Hybrid,Empathetic,Creative,"[""future"",""human"",""cyber"",""connection""]",1780614600000
33,eye tree,Creative,Dreamy,Creative,"[""nature"",""surreal"",""art""]",1780614700000
34,loop display,Technical,Analytical,Glitch,"[""screen"",""loop"",""code"",""glitch""]",1780614800000
35,Time that flows,Atmospheric,Dreamy,Poetic,"[""time"",""ambient"",""fluid""]",1780614900000
36,building build,Institutional,Analytical,Formal,"[""architecture"",""order"",""system""]",1780615000000
37,predetermined void,Atmospheric,Eerie,Minimalist,"[""space"",""void"",""dark"",""existential""]",1780615100000
38,fly away,Creative,Dreamy,Casual,"[""sky"",""escape"",""nostalgia""]",1780615200000
39,Gemini Air,Atmospheric,Dreamy,Creative,"[""space"",""ambient"",""sky"",""future""]",1780615300000
40,cherry opposite,Creative,Energetic,Creative,"[""pastel"",""contrast"",""pop""]",1780615400000
41,progress tunnels,Technical,Analytical,Professional,"[""data"",""system"",""infrastructure""]",1780615500000
42,Icecream Highway,Atmospheric,Nostalgic,Casual,"[""retro"",""summer"",""pastel"",""roadtrip""]",1780615600000
43,cringed space,Hybrid,Eerie,Glitch,"[""internet"",""irony"",""broken""]",1780615700000
44,Data Consumption,Technical,Analytical,Formal,"[""data"",""network"",""traffic""]",1780615800000
45,shape recognition,Technical,Analytical,Professional,"[""math"",""geometry"",""vision"",""code""]",1780615900000
46,Feature extraction,Technical,Analytical,Formal,"[""data"",""code"",""system"",""math""]",1780616000000
47,selection shield,Technical,Analytical,Professional,"[""security"",""network"",""system""]",1780616100000
48,Geometric Lullaby,Creative,Dreamy,Poetic,"[""geometry"",""ambient"",""math"",""soft""]",1780616200000
49,follow the highway,Atmospheric,Nostalgic,Casual,"[""road"",""night"",""drive"",""neon""]",1780616300000
50,city lights calling,Atmospheric,Dreamy,Cinematic,"[""city"",""night"",""neon"",""cyberpunk""]",1780616400000
51,waterfront dining,Atmospheric,Nostalgic,Casual,"[""ambient"",""summer"",""retro"",""luxury""]",1780616500000
52,Aesthetic Thoughts,Creative,Dreamy,Creative,"[""nostalgia"",""art"",""ambient""]",1780616600000
53,Summer Night,Atmospheric,Dreamy,Casual,"[""summer"",""night"",""nostalgia"",""sky""]",1780616700000
54,Diett Colaa - now you're alone,Atmospheric,Melancholic,Creative,"[""retro"",""irony"",""solitude"",""vaporwave""]",1780616800000
55,Hungry Ghost,Hybrid,Eerie,Creative,"[""spirit"",""glitch"",""history""]",1780616900000
56,AZENXIO - Night Bytes,Technical,Energetic,Glitch,"[""cyber"",""code"",""night"",""synth""]",1780617000000
57,Subliminal Romance,Atmospheric,Dreamy,Cinematic,"[""analog"",""retro"",""love"",""hidden""]",1780617100000
58,Aesthetic Visual Garden,Creative,Dreamy,Creative,"[""nature"",""art"",""pastel"",""ambient""]",1780617200000
59,Revisited,Institutional,Nostalgic,Formal,"[""archive"",""history"",""memory""]",1780617300000
60,Computational geometry,Technical,Analytical,Formal,"[""math"",""geometry"",""code""]",1780617400000
61,Random thoughts flow,Creative,Dreamy,Minimalist,"[""stream"",""mind"",""ambient""]",1780617500000
62,Rich Text Format,Technical,Analytical,Formal,"[""code"",""data"",""system""]",1780617600000
63,Remembering the future,Hybrid,Nostalgic,Poetic,"[""future"",""retro"",""memory"",""paradox""]",1780617700000
64,Osmosis; a usually effortless often unconscious assimilation.,Hybrid,Analytical,Formal,"[""biology"",""mind"",""system"",""data""]",1780617800000
65,Digital Water Gaho,Creative,Dreamy,Creative,"[""cyber"",""nature"",""fluid"",""ambient""]",1780617900000
66,Digital Air,Atmospheric,Dreamy,Minimalist,"[""cyber"",""ambient"",""space""]",1780618000000
67,The Captive Mind,Institutional,Suspenseful,Formal,"[""system"",""control"",""history""]",1780618100000
68,Midnight's Breeze,Atmospheric,Dreamy,Casual,"[""night"",""nature"",""ambient""]",1780618200000
69,Data loss,Technical,Melancholic,Glitch,"[""broken"",""system"",""code"",""error""]",1780618300000
70,Next Century Love,Hybrid,Dreamy,Cinematic,"[""future"",""cyber"",""love"",""nostalgia""]",1780618400000
71,instant gossip network,Hybrid,Energetic,Casual,"[""internet"",""network"",""social""]",1780618500000
72,death's dynamic shroud.wmv,Atmospheric,Eerie,Glitch,"[""vaporwave"",""glitch"",""retro"",""video""]",1780618600000
73,Begin Today's Session?,Technical,Suspenseful,Formal,"[""system"",""access"",""terminal"",""boot""]",1780618700000
74,the tower rises ever higher,Institutional,Suspenseful,Poetic,"[""architecture"",""order"",""system"",""infinite""]",1780618800000
75,Labyrinth Cadence,Hybrid,Mysterious,Creative,"[""maze"",""loop"",""geometry"",""sound""]",1780618900000
76,EMPTY HALLS (夜),Atmospheric,Melancholic,Minimalist,"[""liminal"",""night"",""mall"",""solitude""]",1780619000000
77,The Lunar Curtain,Atmospheric,Dreamy,Cinematic,"[""night"",""sky"",""space"",""ambient""]",1780619100000
78,Fluoxetine MARBLE COLUMNS,Atmospheric,Dreamy,Creative,"[""medical"",""architecture"",""surreal"",""vaporwave""]",1780619200000
79,Last Minutes of the Memory,Hybrid,Melancholic,Poetic,"[""memory"",""decay"",""lost"",""time""]",1780619300000
80,Tear in Abyss,Atmospheric,Eerie,Minimalist,"[""void"",""dark"",""space"",""broken""]",1780619400000
81,Nowhere Girls 夕日,Atmospheric,Nostalgic,Creative,"[""retro"",""sunset"",""anime"",""melancholy""]",1780619500000
82,Kingdom Of One V,Institutional,Suspenseful,Professional,"[""power"",""solitude"",""system""]",1780619600000
83,Time & Place Finale,Atmospheric,Melancholic,Cinematic,"[""time"",""end"",""memory"",""closure""]",1780619700000
84,Everfrost Peaks Saturation,Atmospheric,Dreamy,Creative,"[""nature"",""color"",""ambient"",""winter""]",1780619800000
85,Profane Angelic Function,Hybrid,Mysterious,Glitch,"[""code"",""surreal"",""paradox""]",1780619900000
86,Transcendence Bot,Technical,Analytical,Professional,"[""bot"",""future"",""cyber"",""ai""]",1780620000000
87,DOKI DOKI ENTROPY ~☗✧心死✧☗~,Creative,Energetic,Glitch,"[""glitch"",""anime"",""chaos"",""internet""]",1780620100000
88,SENESCENCE AURA PHASE 聖痕,Atmospheric,Eerie,Creative,"[""surreal"",""decay"",""ambient""]",1780620200000
89,strange colony (奇妙なコロニー),Hybrid,Mysterious,Creative,"[""space"",""system"",""retro"",""cyber""]",1780620300000
90,Flatland Daeho,Creative,Analytical,Minimalist,"[""geometry"",""space"",""art""]",1780620400000
91,Tree Shaking,Technical,Analytical,Formal,"[""code"",""optimization"",""dev""]",1780620500000
92,"coherence; the quality of being logical and consistent.",Hybrid,Analytical,Formal,"[""logic"",""order"",""system""]",1780620600000
93,"validity: the quality of being logically or factually sound; soundness or cogency.",Institutional,Analytical,Formal,"[""logic"",""fact"",""system""]",1780620700000
94,two facing pages,Creative,Analytical,Minimalist,"[""book"",""geometry"",""symmetry""]",1780620800000
95,counterbalance/ counterbalances,Technical,Analytical,Formal,"[""logic"",""balance"",""system""]",1780620900000
96,Artificially intelligent,Technical,Analytical,Professional,"[""ai"",""code"",""future""]",1780621000000
97,THE BRAIN INVADES THE CITY,Hybrid,Suspenseful,Cinematic,"[""surreal"",""city"",""cyberpunk"",""chaos""]",1780621100000
98,bodyline-tonal pillow,Atmospheric,Dreamy,Minimalist,"[""ambient"",""soft"",""sound""]",1780621200000
99,Diskette Webscapes,Atmospheric,Nostalgic,Creative,"[""retro"",""web"",""90s"",""floppy""]",1780621300000
100,Lost Traveler - Technological break,Hybrid,Melancholic,Cinematic,"[""space"",""broken"",""cyber"",""journey""]",1780621400000
101,Computer Dreams - Late Night,Atmospheric,Dreamy,Casual,"[""night"",""code"",""ambient"",""pc""]",1780621500000
102,Staticless BLNTSDE,Atmospheric,Nostalgic,Casual,"[""retro"",""lofi"",""ambient""]",1780621600000
103,grid quantization error,Technical,Analytical,Glitch,"[""math"",""glitch"",""error"",""data""]",1780621700000
104,aesthetic outlier dithering,Creative,Analytical,Glitch,"[""art"",""dither"",""pixel"",""glitch""]",1780621800000
105,Inaccurate Diagram of a Dream,Creative,Dreamy,Poetic,"[""dream"",""surreal"",""geometry"",""mind""]",1780621900000
106,Cityscape Magnetic Distances,Atmospheric,Analytical,Professional,"[""city"",""geometry"",""network""]",1780622000000
107,Magnetic Attraction,Technical,Analytical,Formal,"[""physics"",""system"",""network""]",1780622100000
108,NewEraDreaming - Futuristic Embassy,Institutional,Dreamy,Professional,"[""future"",""architecture"",""utopia""]",1780622200000
109,Square of the Sun,Creative,Dreamy,Minimalist,"[""geometry"",""sun"",""art""]",1780622300000
110,Future is an attitude,Hybrid,Energetic,Professional,"[""future"",""corporate"",""slogan""]",1780622400000
111,DATALOG Sea Of Voices,Technical,Mysterious,Glitch,"[""data"",""archive"",""sound"",""network""]",1780622500000
112,LIKE MINDED INDIVIDUALS SHARE,Institutional,Analytical,Formal,"[""network"",""social"",""system""]",1780622600000
113,Man With Static Eyes,Hybrid,Eerie,Cinematic,"[""cyber"",""broken"",""surreal""]",1780622700000
114,Seabaud-ａｐｅｘ,Atmospheric,Dreamy,Creative,"[""vaporwave"",""retro"",""ambient""]",1780622800000
115,Your Dark Note — Dusk,Atmospheric,Melancholic,Poetic,"[""night"",""dusk"",""ambient"",""music""]",1780622900000
116,love is precious,Creative,Empathetic,Poetic,"[""human"",""heart"",""soft""]",1780623000000
117,Neko Fureku-Think「もう一回」,Creative,Energetic,Casual,"[""anime"",""retro"",""pop""]",1780623100000
118,Closing Time,Atmospheric,Nostalgic,Casual,"[""mall"",""night"",""end"",""ambient""]",1780623200000
119,Desert Song,Atmospheric,Dreamy,Minimalist,"[""nature"",""ambient"",""space""]",1780623300000
120,When You Came Along,Creative,Empathetic,Casual,"[""nostalgia"",""memory"",""human""]",1780623400000
121,Illegal Antenna - I Know,Atmospheric,Suspenseful,Glitch,"[""analog"",""signal"",""radio"",""pirate""]",1780623500000
122,TELL ME LIES,Hybrid,Suspenseful,Creative,"[""glitch"",""irony"",""internet""]",1780623600000
123,Emotional Geometry,Creative,Analytical,Poetic,"[""math"",""geometry"",""human"",""art""]",1780623700000
124,Want to see something beautiful?,Creative,Dreamy,Poetic,"[""ambient"",""nature"",""art""]",1780623800000
125,skyline divine setups,Atmospheric,Dreamy,Creative,"[""sky"",""city"",""desktop"",""pastel""]",1780623900000
126,Pixelized Vapors,Atmospheric,Dreamy,Glitch,"[""pixel"",""vaporwave"",""retro"",""gas""]",1780624000000
127,Binary Sunset,Technical,Melancholic,Cinematic,"[""code"",""sky"",""future"",""retro""]",1780624100000
128,Progression Palette,Creative,Analytical,Professional,"[""color"",""data"",""order""]",1780624200000
129,Data Dance: Scatter Symphony,Technical,Energetic,Creative,"[""data"",""math"",""random"",""music""]",1780624300000
130,Insightful Constellations,Atmospheric,Analytical,Poetic,"[""space"",""data"",""stars""]",1780624400000
131,Progression Parabolas,Technical,Analytical,Formal,"[""math"",""geometry"",""curves""]",1780624500000
132,Quantum Quotients,Technical,Analytical,Formal,"[""math"",""physics"",""quantum""]",1780624600000
133,Data Dreamscapes,Hybrid,Dreamy,Creative,"[""data"",""ambient"",""virtual""]",1780624700000
134,Progress Prism,Creative,Dreamy,Creative,"[""color"",""light"",""optics""]",1780624800000
135,Scatter Serendipity,Hybrid,Energetic,Creative,"[""random"",""data"",""luck""]",1780624900000
136,Pathway Patterns,Technical,Analytical,Professional,"[""network"",""system"",""order""]",1780625000000
137,Creative Coordinates,Creative,Analytical,Professional,"[""math"",""geometry"",""art""]",1780625100000
138,Progression Portraits,Creative,Dreamy,Creative,"[""art"",""human"",""history""]",1780625200000
139,Data Mirage,Atmospheric,Mysterious,Minimalist,"[""data"",""virtual"",""desert""]",1780625300000
140,Scatter Spectrum,Technical,Analytical,Formal,"[""data"",""color"",""math""]",1780625400000
141,Progression Polychrome,Creative,Energetic,Creative,"[""color"",""art"",""vibrant""]",1780625500000
142,Luminescent Landmarks,Atmospheric,Dreamy,Cinematic,"[""light"",""city"",""neon"",""architecture""]",1780625600000
143,Data Divergence,Technical,Analytical,Formal,"[""data"",""math"",""split""]",1780625700000
144,Scatter Sculpture,Creative,Analytical,Creative,"[""art"",""geometry"",""random""]",1780625800000
145,Harmonious Scatterings,Hybrid,Dreamy,Minimalist,"[""ambient"",""order"",""data""]",1780625900000
146,progress unveiled,Institutional,Analytical,Formal,"[""history"",""system"",""reveal""]",1780626000000
147,nostalgiacropolis,Institutional,Nostalgic,Poetic,"[""architecture"",""history"",""retro"",""ruins""]",1780626100000
148,Retro Remnants,Atmospheric,Nostalgic,Casual,"[""retro"",""analog"",""lost""]",1780626200000
149,Aesthetic Edifices,Institutional,Dreamy,Formal,"[""architecture"",""art"",""vaporwave""]",1780626300000
150,Liminal Landmarks,Atmospheric,Melancholic,Minimalist,"[""liminal"",""empty"",""space"",""architecture""]",1780626400000
151,Analog Archives,Institutional,Nostalgic,Formal,"[""archive"",""tape"",""vhs"",""history""]",1780626500000
152,Dreamscape Dwellings,Atmospheric,Dreamy,Creative,"[""dream"",""architecture"",""surreal""]",1780626600000
153,Chronicled Columns,Institutional,Analytical,Formal,"[""history"",""archive"",""architecture""]",1780626700000
154,Memory Mansions,Atmospheric,Nostalgic,Poetic,"[""memory"",""architecture"",""mind""]",1780626800000
155,Deco Data Domes,Hybrid,Dreamy,Creative,"[""architecture"",""data"",""retro"",""future""]",1780626900000
156,Faded Facade Futures,Atmospheric,Melancholic,Poetic,"[""future"",""decay"",""architecture"",""retro""]",1780627000000
157,Synth Structures,Technical,Energetic,Creative,"[""synth"",""cyber"",""architecture"",""neon""]",1780627100000
158,Pastel Preservation,Creative,Dreamy,Minimalist,"[""pastel"",""archive"",""art""]",1780627200000
159,Virtual Vaults,Institutional,Mysterious,Professional,"[""security"",""data"",""cyber"",""archive""]",1780627300000
160,Pixel Pillars,Creative,Analytical,Glitch,"[""pixel"",""architecture"",""glitch""]",1780627400000
161,Future Relics,Hybrid,Nostalgic,Poetic,"[""future"",""history"",""paradox"",""artifact""]",1780627500000
162,UrbanU topias,Institutional,Dreamy,Professional,"[""city"",""architecture"",""utopia""]",1780627600000
163,Anachronistic Monuments,Institutional,Mysterious,Formal,"[""history"",""time"",""architecture"",""paradox""]",1780627700000
164,Data Estate,Institutional,Analytical,Professional,"[""data"",""system"",""infrastructure""]",1780627800000
165,Pixelized Scatterings,Creative,Analytical,Glitch,"[""pixel"",""random"",""data"",""glitch""]",1780627900000
166,Scattered Reminiscences,Atmospheric,Melancholic,Poetic,"[""memory"",""lost"",""human""]",1780628000000
167,Unstructured Data,Technical,Analytical,Formal,"[""data"",""chaos"",""system"",""code""]",1780628100000
168,A Barely Lit Path,Atmospheric,Suspenseful,Minimalist,"[""dark"",""night"",""ambient"",""journey""]",1780628200000
169,Neon Nodes Clusters,Technical,Energetic,Professional,"[""network"",""neon"",""cyber"",""data""]",1780628300000
170,Nebula Nodes,Technical,Dreamy,Minimalist,"[""space"",""network"",""ambient""]",1780628400000
171,Neon Nodescape,Atmospheric,Energetic,Cinematic,"[""neon"",""network"",""cyberpunk"",""city""]",1780628500000
172,Spectrum Spirals,Creative,Energetic,Creative,"[""color"",""geometry"",""art""]",1780628600000
173,Chroma Dream Sampler,Creative,Dreamy,Glitch,"[""color"",""dream"",""audio"",""sampler""]",1780628700000
174,Flux Frequencies,Technical,Analytical,Glitch,"[""signal"",""radio"",""glitch"",""wave""]",1780628800000
175,succinct-lavender-pocket,Creative,Dreamy,Minimalist,"[""bot"",""name"",""pastel"",""clean""]",1780628900000
176,petal-ornament,Creative,Dreamy,Minimalist,"[""bot"",""name"",""nature"",""art""]",1780629000000
177,invited-hushed-phlox,Atmospheric,Dreamy,Minimalist,"[""bot"",""name"",""ambient"",""soft""]",1780629100000
178,rocky-innocent,Hybrid,Melancholic,Minimalist,"[""bot"",""name"",""contrast""]",1780629200000
179,adaptable-quasar-berry,Technical,Energetic,Creative,"[""bot"",""name"",""space"",""cyber""]",1780629300000
180,warm-arrhinceratops,Creative,Dreamy,Minimalist,"[""bot"",""name"",""dino"",""soft""]",1780629400000
181,marble-pudding,Creative,Dreamy,Casual,"[""bot"",""name"",""pastel"",""food""]",1780629500000
182,warm-arrhinceratops,Creative,Dreamy,Minimalist,"[""bot"",""name"",""dino"",""duplicate""]",1780629600000
183,jealous-empty-triangle,Creative,Analytical,Glitch,"[""bot"",""name"",""geometry"",""irony""]",1780629700000
184,road-inexpensive-block,Technical,Analytical,Formal,"[""bot"",""name"",""system"",""grid""]",1780629800000
185,abrupt-topaz-screwdriver,Technical,Energetic,Glitch,"[""bot"",""name"",""tool"",""glitch""]",1780629900000
186,warm-arrhinceratops,Creative,Dreamy,Minimalist,"[""bot"",""name"",""dino"",""loop""]",1780630000000
187,-i cant sleep alone,Atmospheric,Melancholic,Minimalist,"[""night"",""solitude"",""human"",""lofi""]",1780630100000
188,Mermaid Loop Logic,Technical,Dreamy,Creative,"[""code"",""loop"",""nature"",""surreal""]",1780630200000
189,Logic Lyncher,Technical,Analytical,Formal,"[""code"",""system"",""security""]",1780630300000
190,memory box,Atmospheric,Nostalgic,Minimalist,"[""memory"",""archive"",""retro"",""container""]",1780630400000
191,Notorious Secret,Hybrid,Suspenseful,Creative,"[""hidden"",""shadow"",""internet""]",1780630500000
192,Glitch Garden Wanderer,Hybrid,Dreamy,Glitch,"[""glitch"",""nature"",""game"",""journey""]",1780630600000
193,Celestial City Siren,Atmospheric,Dreamy,Cinematic,"[""space"",""city"",""ambient"",""sound""]",1780630700000
194,Crystal Echo Voyager,Atmospheric,Dreamy,Cinematic,"[""ambient"",""sound"",""journey"",""crystal""]",1780630800000
195,Aqua Byte Buccaneer,Hybrid,Energetic,Casual,"[""cyber"",""water"",""retro"",""game""]",1780630900000
196,Holographic Hydro Heroine,Creative,Dreamy,Creative,"[""cyber"",""hologram"",""water"",""sci-fi""]",1780631000000
197,Digital Dolphin Diver,Creative,Energetic,Casual,"[""retro"",""cyber"",""nature"",""90s""]",1780631100000
198,Waveform Wavelength Wanderer,Technical,Analytical,Creative,"[""sound"",""wave"",""signal"",""physics""]",1780631200000
199,Cyber Coral,Hybrid,Dreamy,Creative,"[""cyber"",""nature"",""neon"",""sea""]",1780631300000
200,dithering outlier,Technical,Analytical,Glitch,"[""pixel"",""dither"",""glitch"",""math""]",1780631400000
201,Blissful Bloomwave,Atmospheric,Dreamy,Casual,"[""vaporwave"",""pastel"",""nature"",""ambient""]",1780631500000
202,Beamwave Bliss,Atmospheric,Dreamy,Minimalist,"[""light"",""wave"",""ambient""]",1780631600000
203,Blueberry Bytewave,Creative,Energetic,Casual,"[""pastel"",""cyber"",""retro"",""pop""]",1780631700000
204,Bluewave Boulevard,Atmospheric,Nostalgic,Casual,"[""retro"",""drive"",""neon"",""synth""]",1780631800000
205,Binary Dreamscape,Hybrid,Dreamy,Creative,"[""code"",""dream"",""virtual"",""ambient""]",1780631900000
206,Bubblegum Beatwave,Creative,Energetic,Casual,"[""pop"",""retro"",""90s"",""pastel""]",1780632000000
207,Blurred Borders,Atmospheric,Melancholic,Minimalist,"[""void"",""ambient"",""limit""]",1780632100000
208,Byte Be Gone,Technical,Analytical,Glitch,"[""code"",""delete"",""error""]",1780632200000
209,Byte Bleach,Technical,Analytical,Formal,"[""clean"",""code"",""system"",""data""]",1780632300000
210,database dump files,Technical,Analytical,Formal,"[""database"",""sql"",""data"",""archive""]",1780632400000
211,SIMULATED RAINFOREST,Hybrid,Dreamy,Creative,"[""nature"",""virtual"",""ambient"",""simulation""]",1780632500000
212,SENSORY DEPRIVATION,Atmospheric,Eerie,Minimalist,"[""void"",""dark"",""silence"",""ambient""]",1780632600000
213,VIDEO ARTIFACTING,Technical,Analytical,Glitch,"[""vhs"",""glitch"",""video"",""broken""]",1780632700000
214,SYLLABUS - Throw This Away,Institutional,Analytical,Formal,"[""school"",""irony"",""document""]",1780632800000
215,22. The first time I saw your eyes,Creative,Empathetic,Poetic,"[""memory"",""love"",""human"",""diary""]",1780632900000
216,yyzarrival071816/memorybank,Institutional,Nostalgic,Formal,"[""archive"",""data"",""file"",""memory""]",1780633000000
217,Calm Under Pressure,Hybrid,Analytical,Professional,"[""system"",""mind"",""status""]",1780633100000
218,Ghostly Glitchwave,Atmospheric,Eerie,Glitch,"[""glitch"",""ghost"",""vaporwave"",""retro""]",1780633200000
219,mould ghostwave,Atmospheric,Eerie,Glitch,"[""decay"",""broken"",""analog"",""tape""]",1780633300000
220,Digital Dimensional Reduction,Technical,Analytical,Formal,"[""math"",""data"",""geometry"",""code""]",1780633400000
221,Cosmic Data Exploration,Technical,Dreamy,Professional,"[""space"",""data"",""stars"",""sci-fi""]",1780633500000
222,Virtual Data Deluge,Technical,Analytical,Glitch,"[""data"",""network"",""flood""]",1780633600000
223,Diskette Sunset Synchrony,Atmospheric,Nostalgic,Creative,"[""retro"",""floppy"",""sunset"",""synth""]",1780633700000
224,Diskette Echoes Ensemble,Atmospheric,Nostalgic,Creative,"[""retro"",""sound"",""ambient"",""floppy""]",1780633800000
225,blank discette,Atmospheric,Minimalist,Minimalist,"[""retro"",""empty"",""floppy"",""clean""]",1780633900000
226,aether system,Technical,Dreamy,Formal,"[""space"",""network"",""ambient"",""system""]",1780634000000
227,Vapor Sequences,Atmospheric,Dreamy,Creative,"[""vaporwave"",""synth"",""loop"",""retro""]",1780634100000
228,Resurgence Thoughts,Creative,Analytical,Poetic,"[""mind"",""memory"",""return""]",1780634200000
229,VOICES FROM THE PAST,Institutional,Nostalgic,Cinematic,"[""history"",""audio"",""archive"",""ghost""]",1780634300000
230,Sugar Wounds,Creative,Melancholic,Poetic,"[""pastel"",""contrast"",""sad""]",1780634400000
231,Waiting for the bus,Atmospheric,Melancholic,Casual,"[""liminal"",""rain"",""night"",""transit""]",1780634500000
232,INTERNET CLUB - MODERN MOODS,Atmospheric,Nostalgic,Casual,"[""vaporwave"",""web"",""90s"",""corporate""]",1780634600000
233,INTERNET + MOODS,Atmospheric,Dreamy,Minimalist,"[""web"",""ambient"",""retro""]",1780634700000
234,CTRL Echo Beach,Atmospheric,Nostalgic,Casual,"[""retro"",""beach"",""keyboard"",""summer""]",1780634800000
235,Alternate Skies,Atmospheric,Dreamy,Cinematic,"[""sky"",""space"",""surreal"",""ambient""]",1780634900000
236,Digital Forecast Interface,Technical,Analytical,Formal,"[""weather"",""system"",""ui"",""screen""]",1780635000000
237,Lipglossed Ephemeris,Creative,Dreamy,Creative,"[""pastel"",""90s"",""retro"",""astronomy""]",1780635100000
238,Ecstasis Hypostasis,Hybrid,Mysterious,Formal,"[""philosophy"",""surreal"",""mind""]",1780635200000
239,4 Hours From Yesterday,Atmospheric,Melancholic,Poetic,"[""time"",""nostalgia"",""lost"",""night""]",1780635300000
240,MiraiCult-クリームダスト,Creative,Dreamy,Glitch,"[""anime"",""future"",""pastel"",""glitch""]",1780635400000
241,ESSENCE - fast internet,Technical,Energetic,Casual,"[""web"",""broadband"",""retro"",""corporate""]",1780635500000
242,Passionate City ●■,Atmospheric,Energetic,Cinematic,"[""city"",""night"",""neon"",""geometry""]",1780635600000
243,Order City Thesis,Institutional,Analytical,Formal,"[""city"",""architecture"",""system"",""order""]",1780635700000
244,Internet Ventures,Institutional,Analytical,Professional,"[""web"",""corporate"",""90s"",""dotcom""]",1780635800000
245,Medical Passage - Maybe manipulated yet nostalgic,Hybrid,Eerie,Creative,"[""medical"",""memory"",""analog"",""glitch""]",1780635900000
246,C0d3d M3m0ri3s,Technical,Nostalgic,Glitch,"[""code"",""memory"",""glitch"",""cyber""]",1780636000000
247,0ptimizing L0st Frequencies,Technical,Analytical,Glitch,"[""signal"",""code"",""radio"",""optimization""]",1780636100000
248,Digital Zeroes & 1s,Technical,Analytical,Minimalist,"[""binary"",""code"",""data""]",1780636200000
249,Lost in 0x Infinity,Technical,Melancholic,Poetic,"[""hex"",""code"",""infinite"",""void""]",1780636300000
250,Zeroes in the Static Void,Atmospheric,Eerie,Minimalist,"[""binary"",""noise"",""void"",""radio""]",1780636400000
251,Everywhere at the end of time,Atmospheric,Melancholic,Poetic,"[""memory"",""decay"",""time"",""ambient""]",1780636500000
252,Interference Patterns,Technical,Analytical,Glitch,"[""physics"",""wave"",""glitch"",""noise""]",1780636410000
253,adjoining-wandering-snowdrop,Creative,Dreamy,Minimalist,"[""bot"",""name"",""nature"",""soft""]",1780636420000
254,plucky-wide-begonia,Creative,Energetic,Minimalist,"[""bot"",""name"",""nature"",""pop""]",1780636430000
255,excellent-watery-neighborhood,Atmospheric,Dreamy,Casual,"[""bot"",""name"",""suburb"",""ambient""]",1780636440000
256,starting-craziness,Hybrid,Energetic,Glitch,"[""bot"",""name"",""chaos""]",1780636450000
257,evanescent-endurable-fountain,Atmospheric,Dreamy,Poetic,"[""bot"",""name"",""water"",""liminal""]",1780636460000
258,chief-tricolor-digit,Technical,Analytical,Formal,"[""bot"",""name"",""code"",""math""]",1780636470000
259,better-marsh-koi,Creative,Dreamy,Minimalist,"[""bot"",""name"",""nature"",""water""]",1780636480000
260,repeated-sage-hollyhock,Creative,Analytical,Minimalist,"[""bot"",""name"",""loop"",""nature""]",1780636490000
261,acidic-glamorous-phone,Creative,Energetic,Glitch,"[""bot"",""name"",""retro"",""neon""]",1780636500000
262,dashing-horn-seahorse,Creative,Energetic,Casual,"[""bot"",""name"",""sea"",""cute""]",1780636510000
263,volcano-war,Hybrid,Suspenseful,Cinematic,"[""bot"",""name"",""fire"",""chaos""]",1780636520000
264,materialistic-cuddly-bathroom,Creative,Dreamy,Casual,"[""bot"",""name"",""irony"",""pastel""]",1780636530000
265,earthy-silent-accelerator,Technical,Analytical,Minimalist,"[""bot"",""name"",""physics"",""system""]",1780636540000
266,cliff-quickest-lightyear,Technical,Energetic,Creative,"[""bot"",""name"",""space"",""speed""]",1780636550000
267,chocolate-easy-color,Creative,Dreamy,Casual,"[""bot"",""name"",""pastel"",""sweet""]",1780636560000
268,respected-curvy-selenium,Technical,Analytical,Formal,"[""bot"",""name"",""code"",""test""]",1780636570000
269,buttoned-vast-walrus,Creative,Dreamy,Casual,"[""bot"",""name"",""cute"",""animal""]",1780636580000
270,polite-flax-gooseberry,Creative,Dreamy,Minimalist,"[""bot"",""name"",""nature"",""soft""]",1780636590000
271,omniscient-honored-cobra,Hybrid,Mysterious,Formal,"[""bot"",""name"",""system"",""shadow""]",1780636600000
272,cactus-delicious-note,Creative,Dreamy,Casual,"[""bot"",""name"",""nature"",""lofi""]",1780636610000
273,super-tested-stetson,Technical,Analytical,Professional,"[""bot"",""name"",""system"",""test""]",1780636620000
274,zany-marmalade-vinyl,Atmospheric,Nostalgic,Casual,"[""bot"",""name"",""retro"",""audio""]",1780636630000
275,actually-vaulted-mascara,Creative,Dreamy,Creative,"[""bot"",""name"",""pastel"",""fashion""]",1780636640000
276,misty-prickly-macadamia,Creative,Dreamy,Minimalist,"[""bot"",""name"",""nature"",""ambient""]",1780636650000
277,meowing-kind-elderberry,Creative,Dreamy,Casual,"[""bot"",""name"",""cat"",""cute""]",1780636660000
278,cool-furry-chive,Creative,Dreamy,Casual,"[""bot"",""name"",""cute"",""nature""]",1780636670000
279,necessary-curly-goldenrod,Creative,Analytical,Minimalist,"[""bot"",""name"",""color"",""order""]",1780636680000
280,able-misty-tumble,Atmospheric,Dreamy,Minimalist,"[""bot"",""name"",""ambient""]",1780636690000
281,temporal-bouncy-lunch,Creative,Energetic,Casual,"[""bot"",""name"",""time"",""irony""]",1780636700000
282,paper-literate-outrigger,Hybrid,Analytical,Formal,"[""bot"",""name"",""book"",""system""]",1780636710000
283,highfalutin-sixth-ozraraptor,Creative,Mysterious,Creative,"[""bot"",""name"",""dino"",""irony""]",1780636720000
284,lively-developing-redcurrant,Creative,Energetic,Casual,"[""bot"",""name"",""nature"",""dev""]",1780636730000
285,curious-zany-wheel,Creative,Analytical,Glitch,"[""bot"",""name"",""loop"",""geometry""]",1780636740000
286,equinox-thoughtful-mahogany,Atmospheric,Dreamy,Minimalist,"[""bot"",""name"",""time"",""nature""]",1780636750000
287,acidic-organized-spear,Technical,Analytical,Formal,"[""bot"",""name"",""system"",""order""]",1780636760000
288,conscious-gelatinous-principal,Hybrid,Analytical,Formal,"[""bot"",""name"",""mind"",""system""]",1780636770000
289,shrinkwrap.yaml,Technical,Analytical,Formal,"[""code"",""config"",""package"",""dev""]",1780636780000
290,Data Entryline,Technical,Analytical,Formal,"[""data"",""terminal"",""input""]",1780636790000
291,Data Haze,Atmospheric,Dreamy,Minimalist,"[""data"",""ambient"",""fog""]",1780636800000
292,Synthetic Reach,Technical,Analytical,Professional,"[""cyber"",""network"",""access""]",1780636810000
293,Mainframe Access,Technical,Analytical,Formal,"[""system"",""terminal"",""server"",""boot""]",1780636820000
294,Terminal Access,Technical,Analytical,Formal,"[""code"",""terminal"",""access"",""sysadmin""]",1780636830000
295,Static Bridge,Atmospheric,Melancholic,Minimalist,"[""signal"",""radio"",""noise"",""transit""]",1780636840000
296,Garden of Broken Code,Technical,Melancholic,Glitch,"[""code"",""nature"",""glitch"",""broken""]",1780636850000
297,Garden in the Grid,Hybrid,Dreamy,Creative,"[""nature"",""grid"",""geometry"",""cyber""]",1780636860000
298,Ghosts in the Garden,Atmospheric,Eerie,Poetic,"[""nature"",""ghost"",""ambient"",""history""]",1780636870000
299,The Garden Firewall,Technical,Suspenseful,Professional,"[""security"",""nature"",""network""]",1780636880000
300,The Synapse Garden.exe,Hybrid,Analytical,Glitch,"[""mind"",""nature"",""code"",""executable""]",1780636890000
301,Garden of Broken Scripts,Technical,Melancholic,Glitch,"[""code"",""dev"",""broken"",""glitch""]",1780636900000
302,Garden.vhs.run(),Technical,Nostalgic,Glitch,"[""vhs"",""code"",""retro"",""video""]",1780636910000
303,Garden of Lost Variables,Technical,Melancholic,Poetic,"[""code"",""lost"",""math"",""memory""]",1780636920000
304,Garden of Lost Algorithms,Technical,Analytical,Poetic,"[""math"",""code"",""history"",""lost""]",1780636930000
305,Garden.init(),Technical,Analytical,Minimalist,"[""code"",""boot"",""nature"",""start""]",1780636940000
306,Defragmenting Desire,Hybrid,Melancholic,Poetic,"[""system"",""human"",""heart"",""clean""]",1780636950000
307,Echo Chamber of the Soul,Hybrid,Melancholic,Poetic,"[""human"",""sound"",""solitude"",""network""]",1780636960000
308,Sunbleached Syntax,Technical,Nostalgic,Poetic,"[""code"",""retro"",""decay"",""summer""]",1780636970000
309,Floating Through Firewalls,Technical,Dreamy,Creative,"[""network"",""security"",""escape""]",1780636980000
310,Limited Time Transcendence,Hybrid,Suspenseful,Poetic,"[""time"",""future"",""existential""]",1780636990000
311,Blurred Lines & Faded Logos,Atmospheric,Nostalgic,Casual,"[""retro"",""mall"",""90s"",""corporate""]",1780637000000
312,Echoes in the Elevator,Atmospheric,Melancholic,Minimalist,"[""liminal"",""elevator"",""sound"",""ambient""]",1780637010000
313,Obliquity cipherGrid,Technical,Analytical,Formal,"[""crypto"",""grid"",""code"",""math""]",1780637020000
314,Pixel Tears in Slow Motion,Creative,Melancholic,Glitch,"[""pixel"",""glitch"",""sad"",""cinematic""]",1780637030000
315,Glass Elevator to Nowhere,Atmospheric,Dreamy,Cinematic,"[""liminal"",""elevator"",""mall"",""infinite""]",1780637040000
316,Tropical Data Loss,Hybrid,Nostalgic,Glitch,"[""vaporwave"",""beach"",""broken"",""data""]",1780637050000
317,Escalator Loop (Forever),Atmospheric,Melancholic,Minimalist,"[""liminal"",""mall"",""loop"",""infinite""]",1780637060000
318,8-Bit Dawn Late Fee Romance,Creative,Nostalgic,Casual,"[""retro"",""8bit"",""vhs"",""love""]",1780637070000
319,Fountain Coins & Broken Time,Atmospheric,Melancholic,Poetic,"[""mall"",""fountain"",""time"",""nostalgia""]",1780637080000
320,Aquarium Screensaver,Atmospheric,Dreamy,Minimalist,"[""retro"",""pc"",""90s"",""water""]",1780637090000
321,Escalator to Nowhere,Atmospheric,Melancholic,Minimalist,"[""liminal"",""mall"",""infinite"",""empty""]",1780637100000
322,Heyday System 50 years ago,Institutional,Nostalgic,Formal,"[""history"",""retro"",""archive"",""pc""]",1780637110000
323,Mall Directory to Nowhere,Atmospheric,Melancholic,Casual,"[""liminal"",""mall"",""lost"",""retro""]",1780637120000
324,Liminal Breeze,Atmospheric,Dreamy,Minimalist,"[""liminal"",""ambient"",""air"",""empty""]",1780637130000
325,Late Night Elevator Music,Atmospheric,Nostalgic,Casual,"[""elevator"",""ambient"",""lofi"",""night""]",1780637140000
326,Fountain at the End of Time,Atmospheric,Melancholic,Poetic,"[""liminal"",""fountain"",""time"",""end""]",1780637150000
327,Idle Thoughts in 32-Bit,Creative,Dreamy,Casual,"[""retro"",""pc"",""gaming"",""mind""]",1780637160000
328,Like a lost floppy disk floating in cyberspace.,Hybrid,Melancholic,Poetic,"[""retro"",""floppy"",""cyber"",""lost""]",1780637170000
329,3AM Mall Parking Lot,Atmospheric,Melancholic,Minimalist,"[""liminal"",""parking"",""night"",""empty""]",1780637180000
330,Virtual Lobby Music,Atmospheric,Dreamy,Casual,"[""vaporwave"",""ambient"",""corporate"",""hotel""]",1780637190000
331,Soda Machine Lullaby,Atmospheric,Nostalgic,Casual,"[""retro"",""ambient"",""night"",""vending""]",1780637200000
332,Forgotten Screensaver,Atmospheric,Dreamy,Minimalist,"[""retro"",""pc"",""lost"",""ambient""]",1780637210000
333,Endless Escalator Ride,Atmospheric,Melancholic,Minimalist,"[""liminal"",""mall"",""loop"",""infinite""]",1780637220000
334,Pixelated Waterfalls,Creative,Dreamy,Glitch,"[""pixel"",""nature"",""art"",""water""]",1780637230000
335,Late-Night Laundromat,Atmospheric,Nostalgic,Casual,"[""liminal"",""night"",""ambient"",""solitude""]",1780637240000
336,Abandoned Roller Rink,Atmospheric,Nostalgic,Casual,"[""liminal"",""retro"",""80s"",""empty""]",1780637250000
337,Parking Garage Echoes,Atmospheric,Melancholic,Minimalist,"[""liminal"",""concrete"",""sound"",""night""]",1780637260000
338,Mall Fountain Stillness,Atmospheric,Melancholic,Minimalist,"[""liminal"",""mall"",""fountain"",""silence""]",1780637270000
339,Boardwalk at Dusk,Atmospheric,Nostalgic,Casual,"[""sunset"",""summer"",""retro"",""beach""]",1780637280000
340,Silent Bowling Alley,Atmospheric,Nostalgic,Minimalist,"[""liminal"",""retro"",""empty"",""silence""]",1780637290000
341,"Crystal Galleria, North Wing",Atmospheric,Dreamy,Formal,"[""liminal"",""mall"",""luxury"",""empty""]",1780637300000
342,Midnight in the Parking Lot,Atmospheric,Melancholic,Minimalist,"[""liminal"",""parking"",""night"",""solitude""]",1780637310000
343,Abandoned Plaza Parking Lot,Atmospheric,Melancholic,Minimalist,"[""liminal"",""parking"",""empty"",""decay""]",1780637320000
344,Empty Parking Lot Echoes,Atmospheric,Melancholic,Minimalist,"[""liminal"",""parking"",""sound"",""silence""]",1780637330000
345,Parking Lot Reverie,Atmospheric,Dreamy,Poetic,"[""parking"",""night"",""mind"",""ambient""]",1780637340000
346,Lost in the Parking Lot,Atmospheric,Suspenseful,Casual,"[""liminal"",""parking"",""lost"",""night""]",1780637350000
347,Hyperreal Learning Loop,Hybrid,Analytical,Professional,"[""ai"",""education"",""loop"",""simulation""]",1780637360000
348,Learning to Forget,Hybrid,Melancholic,Poetic,"[""mind"",""memory"",""decay"",""human""]",1780637370000
349,Distant Learning Center,Institutional,Analytical,Formal,"[""school"",""architecture"",""empty"",""liminal""]",1780637380000
350,Cyber Study Hall,Hybrid,Analytical,Casual,"[""cyber"",""school"",""pc"",""web""]",1780637390000
351,Infinite Lessons Mall,Atmospheric,Dreamy,Creative,"[""liminal"",""mall"",""school"",""surreal""]",1780637400000
352,Knowledgewave 3000,Hybrid,Energetic,Creative,"[""retro"",""future"",""education"",""synth""]",1780637410000
353,"Slow tempo, echoing mall music loops",Atmospheric,Nostalgic,Minimalist,"[""vaporwave"",""loop"",""mall"",""ambient""]",1780637420000
354,Empty shopping mall at midnight,Atmospheric,Melancholic,Minimalist,"[""liminal"",""mall"",""night"",""empty""]",1780637430000
355,Slow ambient loops,Atmospheric,Dreamy,Minimalist,"[""ambient"",""loop"",""tape"",""soft""]",1780637440000
356,static hums,Atmospheric,Minimalist,Minimalist,"[""signal"",""noise"",""radio"",""ambient""]",1780637450000
357,Stuck in a digital afterlife,Hybrid,Melancholic,Poetic,"[""cyber"",""virtual"",""existential"",""lost""]",1780637460000
