title,category,mood,style,tags
"Glitch Garden",Hybrid,Dreamy,Glitch,"[""glitch"", ""nature"", ""code""]"
"Opcode Oasis",Technical,Dreamy,Creative,"[""code"", ""ambient"", ""system""]"
"Logic Lagoon",Technical,Analytical,Minimalist,"[""logic"", ""nature"", ""order""]"
"Assembly Atmosphere",Technical,Analytical,Formal,"[""code"", ""ambient"", ""system""]"
"Kernel Kaleidoscope",Technical,Dreamy,Glitch,"[""system"", ""light"", ""glitch""]"
"Vapor Variable",Atmospheric,Nostalgic,Creative,"[""vapor"", ""code"", ""retro""]"
"Syntax Sunset",Atmospheric,Nostalgic,Poetic,"[""code"", ""sunset"", ""retro""]"
"Recursive Radiance",Creative,Dreamy,Creative,"[""loop"", ""light"", ""math""]"
"Loop Lounge",Atmospheric,Dreamy,Casual,"[""loop"", ""ambient"", ""soft""]"
"Cyber Compiler",Technical,Analytical,Professional,"[""cyber"", ""code"", ""system""]"
"Variable Vortex",Technical,Mysterious,Glitch,"[""code"", ""void"", ""broken""]"
"Operand Odyssey",Technical,Analytical,Formal,"[""math"", ""system"", ""logic""]"
"Virtual Velocity",Hybrid,Energetic,Cinematic,"[""virtual"", ""speed"", ""future""]"
"Recursion Realm",Technical,Analytical,Formal,"[""loop"", ""code"", ""system""]"
"Array Echoes",Technical,Melancholic,Minimalist,"[""data"", ""sound"", ""empty""]"
"Cyberspace Iteration",Technical,Analytical,Professional,"[""cyber"", ""loop"", ""virtual""]"
"Algorithmic Oasis Serenade",Hybrid,Dreamy,Poetic,"[""code"", ""nature"", ""ambient""]"
"Fractal Forecast Fables",Creative,Mysterious,Poetic,"[""math"", ""geometry"", ""history""]"
"Code Cascade Cooldown",Technical,Dreamy,Casual,"[""code"", ""soft"", ""ambient""]"
"Cloud Cluster Waves",Atmospheric,Dreamy,Minimalist,"[""sky"", ""wave"", ""ambient""]"
"Gaussian Blur Groove",Creative,Dreamy,Casual,"[""soft"", ""ambient"", ""lofi""]"
"Cybernetic Serenity",Atmospheric,Dreamy,Minimalist,"[""cyber"", ""soft"", ""ambient""]"
"Regression Resonance",Technical,Analytical,Formal,"[""math"", ""sound"", ""system""]"
"Binary Bliss Breeze",Technical,Dreamy,Casual,"[""code"", ""soft"", ""wave""]"
"Tensorflow Tranquility",Technical,Dreamy,Professional,"[""code"", ""ambient"", ""soft""]"
"Nostalgic Node Noise",Atmospheric,Nostalgic,Glitch,"[""retro"", ""network"", ""noise""]"
"Latent Space Lullaby",Atmospheric,Dreamy,Poetic,"[""space"", ""ambient"", ""soft""]"
"Clustering Cloudscape",Technical,Analytical,Minimalist,"[""data"", ""sky"", ""order""]"
"Echoing Epoch Ensemble",Technical,Analytical,Formal,"[""loop"", ""sound"", ""system""]"
"Plasma Parameter Pulse",Technical,Energetic,Professional,"[""system"", ""light"", ""network""]"
"Big Data Ballet",Hybrid,Analytical,Creative,"[""data"", ""order"", ""loop""]"
"Streaming Schema Symphony",Technical,Analytical,Formal,"[""data"", ""system"", ""order""]"
"Hierarchical Hues Harmony",Creative,Analytical,Minimalist,"[""geometry"", ""light"", ""order""]"
"Entropy Echo Elegy",Atmospheric,Melancholic,Poetic,"[""void"", ""decay"", ""sound""]"
"Residual Rhythm Rhapsody",Creative,Analytical,Creative,"[""math"", ""sound"", ""loop""]"
"Algorithmic Atmosphere",Technical,Analytical,Formal,"[""code"", ""ambient"", ""system""]"
"Virtual Variance Voyage",Hybrid,Dreamy,Cinematic,"[""virtual"", ""math"", ""space""]"
"Pixelwave Labs: Crafting Aesthetic Data Horizons",Creative,Dreamy,Professional,"[""pixel"", ""data"", ""pastel""]"
"Aesthetic Data Synthesis",Hybrid,Analytical,Professional,"[""data"", ""pastel"", ""system""]"
"Retrofied Circuit",Technical,Nostalgic,Casual,"[""retro"", ""system"", ""analog""]"
"Data Aesthete Co.:",Institutional,Analytical,Formal,"[""data"", ""structure"", ""order""]"
"Cyber Aura Data Alchemy",Hybrid,Mysterious,Creative,"[""cyber"", ""data"", ""virtual""]"
"Binary Visions",Technical,Analytical,Minimalist,"[""code"", ""screen"", ""system""]"
"Analog Byte Odyssey",Atmospheric,Nostalgic,Cinematic,"[""analog"", ""retro"", ""code""]"
"Pixel Aesthematics",Creative,Dreamy,Casual,"[""pixel"", ""pastel"", ""retro""]"
"Data Aesthetics Circuit",Technical,Analytical,Professional,"[""data"", ""system"", ""geometry""]"
"Aesthetic Data Cosmos",Atmospheric,Dreamy,Cinematic,"[""data"", ""space"", ""pastel""]"
"Aesthete Code Waves",Creative,Dreamy,Creative,"[""code"", ""wave"", ""ambient""]"
"Eyeliner Memory Code",Creative,Nostalgic,Glitch,"[""retro"", ""memory"", ""glitch""]"
"Synthetic Code",Technical,Analytical,Formal,"[""code"", ""virtual"", ""system""]"
"Aesthetics Please",Creative,Dreamy,Casual,"[""pastel"", ""vapor"", ""soft""]"
"Code 786 by Bodyline",Atmospheric,Nostalgic,Casual,"[""code"", ""vapor"", ""retro""]"
"VECTOR GRAPHICS\ by dds.wmv",Creative,Nostalgic,Glitch,"[""geometry"", ""retro"", ""vhs""]"
"Parallel Code by death's dynamic shroud.wmv",Atmospheric,Nostalgic,Glitch,"[""vapor"", ""glitch"", ""code""]"
"Chromatic Cluster Cartographer",Technical,Analytical,Professional,"[""data"", ""light"", ""order""]"
"Deep Dimensional Analyst",Technical,Analytical,Formal,"[""math"", ""system"", ""data""]"
"Dataflow Dolphin Dispatcher",Creative,Dreamy,Casual,"[""cyber"", ""nature"", ""retro""]"
"Binary Bubble Bayesian",Technical,Analytical,Professional,"[""code"", ""math"", ""logic""]"
"Signal Scrutinizer",Technical,Analytical,Formal,"[""signal"", ""security"", ""system""]"
"Wavelet Waveform Wrangler",Technical,Analytical,Professional,"[""signal"", ""wave"", ""math""]"
"Data Droplet Delineator",Technical,Analytical,Minimalist,"[""data"", ""nature"", ""clean""]"
"Aquatic Algorithm Architect",Technical,Analytical,Professional,"[""nature"", ""code"", ""structure""]"
"Time Series Tracker",Technical,Analytical,Formal,"[""time"", ""data"", ""system""]"
"Coral Correlation",Hybrid,Analytical,Minimalist,"[""nature"", ""math"", ""data""]"
"Information Inlet Interpreter",Technical,Analytical,Formal,"[""data"", ""system"", ""entry""]"
"Submerged Sequence Seeker",Technical,Mysterious,Formal,"[""nature"", ""code"", ""loop""]"
"Bioluminescent Binary Broker",Technical,Dreamy,Creative,"[""nature"", ""code"", ""light""]"
"Clamshell Classification Sentiment",Hybrid,Analytical,Professional,"[""nature"", ""data"", ""logic""]"
"Aquabyte Analyzer Correlator",Technical,Analytical,Formal,"[""cyber"", ""data"", ""math""]"
"Neptunix Regressionist Decryptor",Technical,Mysterious,Formal,"[""cyber"", ""code"", ""security""]"
"Oceanometric Oracle",Hybrid,Mysterious,Poetic,"[""nature"", ""math"", ""future""]"
"Algorithmic Algae Analyzer",Technical,Analytical,Professional,"[""code"", ""nature"", ""data""]"
"Binary Bioluminescence Mapper",Technical,Dreamy,Creative,"[""code"", ""nature"", ""light""]"
"Bayesian Seafarer",Hybrid,Analytical,Poetic,"[""math"", ""nature"", ""logic""]"
"Neural Net Navigatrix",Technical,Analytical,Professional,"[""cyber"", ""network"", ""system""]"
"Quorrel Query",Technical,Analytical,Formal,"[""data"", ""code"", ""system""]"
"Maritime Matrix Miner",Technical,Analytical,Professional,"[""nature"", ""data"", ""math""]"
"Seabreeze Statistician",Hybrid,Analytical,Minimalist,"[""nature"", ""math"", ""clean""]"
"Datastream Diviner",Hybrid,Mysterious,Poetic,"[""data"", ""virtual"", ""future""]"
"Cryptic Correlation Cartographer",Technical,Mysterious,Formal,"[""math"", ""code"", ""security""]"
"Waveform Whisperer",Atmospheric,Dreamy,Poetic,"[""signal"", ""sound"", ""ambient""]"
"Digital Drift Detector",Technical,Analytical,Professional,"[""cyber"", ""signal"", ""system""]"
"Mermaid Metric Maven",Hybrid,Analytical,Creative,"[""nature"", ""math"", ""data""]"
"Seashell Sentiment Analyzer",Technical,Analytical,Professional,"[""nature"", ""data"", ""logic""]"
"Wavelet Wanderer",Atmospheric,Dreamy,Minimalist,"[""wave"", ""ambient"", ""soft""]"
"Seabound Sentimental Seeker",Atmospheric,Melancholic,Poetic,"[""nature"", ""solitude"", ""soft""]"
"Maritime Metric Maven",Technical,Analytical,Professional,"[""nature"", ""math"", ""order""]"
"Signal Sleuth",Technical,Analytical,Formal,"[""signal"", ""security"", ""logic""]"
"Waveform Wrangler",Technical,Analytical,Professional,"[""signal"", ""wave"", ""sound""]"
"Data Depth Divergence Detective",Technical,Analytical,Formal,"[""data"", ""logic"", ""system""]"
"Matrix Maven",Technical,Analytical,Professional,"[""math"", ""geometry"", ""code""]"
"Hydrographic Hypothesis Hunter",Technical,Analytical,Formal,"[""nature"", ""logic"", ""math""]"
"Tidal Tech Trailblazer",Technical,Energetic,Professional,"[""nature"", ""cyber"", ""future""]"
"Sentimental Sifter",Technical,Analytical,Professional,"[""data"", ""logic"", ""order""]"
"Wavelength Whisperer",Atmospheric,Dreamy,Poetic,"[""wave"", ""sound"", ""ambient""]"
"Maritime Metric Mastermind",Technical,Analytical,Formal,"[""nature"", ""math"", ""system""]"
"Gaseous Grid Grapher",Technical,Analytical,Formal,"[""geometry"", ""data"", ""system""]"
"Graphical Genome Guardian",Technical,Analytical,Professional,"[""code"", ""security"", ""system""]"
