id,title,category,mood,style,tags,added
1,Synthetic Entrance,Technical,Mysterious,Creative,cyber;tech;entry,2024-04-26 00:00:00
2,Cherry Cola Skies,Atmospheric,Dreamy,Casual,retro;sky;pastel;nostalgia,2024-04-27 00:00:00
3,Counting Constellations,Atmospheric,Melancholic,Creative,space;night;poetic,2024-04-28 00:00:00
4,C0d3r's Paradox,Technical,Analytical,Glitch,code;cyber;glitch;leet,2024-04-29 00:00:00
5,Neon Meridian,Atmospheric,Energetic,Creative,neon;retro;city;cyber,2024-04-30 00:00:00
6,Protocol Horizon,Technical,Mysterious,Professional,tech;network;future,2024-05-01 00:00:00
7,Glass Frequencies,Creative,Dreamy,Creative,music;ethereal;analog,2024-05-02 00:00:00
8,Terminal Bloom,Hybrid,Nostalgic,Creative,code;nature;contrast;retro,2024-05-03 00:00:00
9,Cascade Index,Institutional,Analytical,Formal,data;system;order,2024-05-04 00:00:00
10,Velvet Algorithm,Technical,Mysterious,Creative,luxury;code;soft;cyber,2024-05-05 00:00:00
11,Midnight Compile,Technical,Melancholic,Casual,code;night;dev;late-night,2024-05-06 00:00:00
12,Pastel Override,Creative,Energetic,Glitch,pastel;retro;cyber;override,2024-05-07 00:00:00
13,Signal Lost,Atmospheric,Eerie,Creative,analog;signal;nostalgia;broken,2024-05-08 00:00:00
14,Datawave Reverie,Hybrid,Dreamy,Creative,data;wave;dream;retro,2024-05-09 00:00:00
15,The Archive Speaks,Institutional,Mysterious,Formal,archive;history;memory;system,2024-05-10 00:00:00
16,Pink Noise Garden,Atmospheric,Dreamy,Creative,pink;nature;sound;ambient,2024-05-11 00:00:00
17,Recursion Sunset,Technical,Melancholic,Creative,code;sky;loop;poetic,2024-05-12 00:00:00
18,Mall Cop Frequency,Creative,Nostalgic,Casual,retro;90s;mall;irony,2024-05-13 00:00:00
19,Liminal Loop,Atmospheric,Eerie,Creative,liminal;loop;void;space,2024-05-14 00:00:00
20,Quantum Drift,Technical,Mysterious,Professional,quantum;drift;physics;future,2024-05-15 00:00:00
21,Analog Séance,Atmospheric,Eerie,Creative,analog;occult;retro;signal,2024-05-16 00:00:00
22,Soft Reboot,Technical,Hopeful,Casual,code;reset;calm;system,2024-05-17 00:00:00
23,Bureau of Lost Signals,Institutional,Mysterious,Formal,signal;archive;bureaucracy;analog,2024-05-18 00:00:00
24,Peach Static,Atmospheric,Nostalgic,Casual,pastel;static;retro;warm,2024-05-19 00:00:00
25,Hyper Pastoral,Hybrid,Dreamy,Creative,nature;cyber;future;soft,2024-05-20 00:00:00
26,Eigenvalue Dreams,Technical,Dreamy,Professional,math;code;abstract;dream,2024-05-21 00:00:00
27,Dusk Protocol,Technical,Melancholic,Professional,network;dusk;system;end,2024-05-22 00:00:00
28,Sakura Overflow,Creative,Energetic,Glitch,japan;nature;overflow;code,2024-05-23 00:00:00
29,Forgotten Mall,Atmospheric,Melancholic,Casual,retro;nostalgia;mall;decay,2024-05-24 00:00:00
30,Stochastic Garden,Hybrid,Analytical,Creative,math;nature;random;data,2024-05-25 00:00:00
